{
  "num_samples": 624,
  "accuracy": 0.8878205128205128,
  "classification_report": {
    "NORMAL": {
      "precision": 0.9767441860465116,
      "recall": 0.717948717948718,
      "f1-score": 0.8275862068965517,
      "support": 234.0
    },
    "PNEUMONIA": {
      "precision": 0.8539823008849557,
      "recall": 0.9897435897435898,
      "f1-score": 0.9168646080760094,
      "support": 390.0
    },
    "accuracy": 0.8878205128205128,
    "macro avg": {
      "precision": 0.9153632434657337,
      "recall": 0.8538461538461539,
      "f1-score": 0.8722254074862805,
      "support": 624.0
    },
    "weighted avg": {
      "precision": 0.9000180078205392,
      "recall": 0.8878205128205128,
      "f1-score": 0.8833852076337129,
      "support": 624.0
    }
  },
  "classification_report_text": "              precision    recall  f1-score   support\n\n      NORMAL     0.9767    0.7179    0.8276       234\n   PNEUMONIA     0.8540    0.9897    0.9169       390\n\n    accuracy                         0.8878       624\n   macro avg     0.9154    0.8538    0.8722       624\nweighted avg     0.9000    0.8878    0.8834       624\n",
  "confusion_matrix": [
    [
      168,
      66
    ],
    [
      4,
      386
    ]
  ],
  "class_names": [
    "NORMAL",
    "PNEUMONIA"
  ],
  "pneumonia_label": "PNEUMONIA",
  "pneumonia_recall_sensitivity": 0.9897435897435898,
  "model_name": "densenet121",
  "device": "cpu",
  "checkpoint_path": "C:\\Users\\aidan\\Downloads\\School\\CS 171\\Project\\CS-171-Chest-X-Ray-Medical-Diagnosis\\results\\checkpoints\\densenet121_best.pt",
  "checkpoint_metadata": {
    "model_name": "densenet121",
    "epoch": 6,
    "val_loss": 0.08564310520887375,
    "val_acc": 0.9375
  }
}